{
  "Fiji": {
    "Australia": 0.21248499399759904,
    "Vanuatu": 0.5211640211640212,
    "New Zealand": 0.228287841191067
  },
  "Australia": {
    "Fiji": 0.8033980582524272,
    "Vanuatu": 0.8233861144945189,
    "New Zealand": 0.5590142671854734
  },
  "Vanuatu": {
    "Fiji": 0.4696774193548387,
    "Australia": 0.17266187050359713,
    "New Zealand": 0.21019108280254778
  },
  "New Zealand": {
    "Fiji": 0.7549261083743842,
    "Australia": 0.45634920634920634,
    "Vanuatu": 0.7679269882659713
  }
}