{
  "Netherlands": {
    "Ukraine": 0.6350649350649351,
    "Russia": 0.7444444444444445,
    "Poland": 0.7042801556420234,
    "England": 0.48797736916548795,
    "Switzerland": 0.7242693773824651,
    "Austria": 0.8897911832946636,
    "Sweden": 0.8056234718826406,
    "Czechia": 0.6825980392156863,
    "Serbia": 0.6403162055335968,
    "Spain": 0.5248990578734859,
    "Turkey": 0.7846715328467153,
    "Wales": 0.7802469135802469,
    "Denmark": 0.6710182767624021,
    "Germany": 0.4551451187335092,
    "France": 0.610738255033557,
    "Norway": 0.8891537544696066,
    "Belgium": 0.4946808510638298,
    "Croatia": 0.4993342210386152,
    "Hungary": 0.7813664596273292,
    "Scotland": 0.8773364485981309,
    "Greece": 0.8726851851851852,
    "Italy": 0.5252659574468085,
    "Portugal": 0.7227722772277227
  },
  "Ukraine": {
    "Netherlands": 0.3437908496732026,
    "Russia": 0.6045883940620783,
    "Poland": 0.5428571428571428,
    "England": 0.35514018691588783,
    "Switzerland": 0.5163043478260869,
    "Austria": 0.8182941903584673,
    "Sweden": 0.6786632390745502,
    "Czechia": 0.5486018641810919,
    "Serbia": 0.47619047619047616,
    "Spain": 0.3562913907284768,
    "Turkey": 0.6399456521739131,
    "Wales": 0.6318607764390897,
    "Denmark": 0.4993270524899058,
    "Germany": 0.34379263301500684,
    "France": 0.4249667994687915,
    "Norway": 0.7954545454545454,
    "Belgium": 0.33896103896103896,
    "Croatia": 0.32845744680851063,
    "Hungary": 0.621550591327201,
    "Scotland": 0.8085365853658537,
    "Greece": 0.7620865139949109,
    "Italy": 0.37926509186351703,
    "Portugal": 0.5604681404421327
  },
  "Russia": {
    "Netherlands": 0.25925925925925924,
    "Ukraine": 0.4151967435549525,
    "Poland": 0.4587628865979381,
    "England": 0.2848101265822785,
    "Switzerland": 0.4830287206266319,
    "Austria": 0.7672413793103449,
    "Sweden": 0.5910878112712975,
    "Czechia": 0.4878671775223499,
    "Serbia": 0.37002652519893897,
    "Spain": 0.29591836734693877,
    "Turkey": 0.6012903225806452,
    "Wales": 0.5135834411384217,
    "Denmark": 0.4512683578104139,
    "Germany": 0.23567708333333334,
    "France": 0.3324607329842932,
    "Norway": 0.7008652657601978,
    "Belgium": 0.2620253164556962,
    "Croatia": 0.2771392081736909,
    "Hungary": 0.538558786346397,
    "Scotland": 0.7150063051702396,
    "Greece": 0.697841726618705,
    "Italy": 0.26727509778357234,
    "Portugal": 0.5026109660574413
  },
  "Poland": {
    "Netherlands": 0.2460220318237454,
    "Ukraine": 0.4409448818897638,
    "Russia": 0.5189542483660131,
    "England": 0.28067885117493474,
    "Switzerland": 0.4425587467362924,
    "Austria": 0.7836835599505563,
    "Sweden": 0.6072772898368883,
    "Czechia": 0.49034749034749037,
    "Serbia": 0.42140026420079263,
    "Spain": 0.2795275590551181,
    "Turkey": 0.6183006535947713,
    "Wales": 0.525096525096525,
    "Denmark": 0.47540983606557374,
    "Germany": 0.26541554959785524,
    "France": 0.35751295336787564,
    "Norway": 0.7401960784313726,
    "Belgium": 0.25,
    "Croatia": 0.28369704749679076,
    "Hungary": 0.5459317585301837,
    "Scotland": 0.7454323995127893,
    "Greece": 0.7216624685138538,
    "Italy": 0.28211920529801326,
    "Portugal": 0.5247395833333334
  },
  "England": {
    "Netherlands": 0.4940239043824701,
    "Ukraine": 0.6265060240963856,
    "Russia": 0.7126436781609196,
    "Poland": 0.7377483443708609,
    "Switzerland": 0.6997319034852547,
    "Austria": 0.9048723897911833,
    "Sweden": 0.7841907151819323,
    "Czechia": 0.6987179487179487,
    "Serbia": 0.6341463414634146,
    "Spain": 0.5691489361702128,
    "Turkey": 0.7916137229987293,
    "Wales": 0.7660668380462725,
    "Denmark": 0.6947513812154696,
    "Germany": 0.4781997187060478,
    "France": 0.5792276964047937,
    "Norway": 0.8932038834951457,
    "Belgium": 0.5122282608695652,
    "Croatia": 0.5299600532623169,
    "Hungary": 0.7589616810877626,
    "Scotland": 0.8606271777003485,
    "Greece": 0.8708530805687204,
    "Italy": 0.570673712021136,
    "Portugal": 0.7275132275132276
  },
  "Switzerland": {
    "Netherlands": 0.2717948717948718,
    "Ukraine": 0.45144356955380577,
    "Russia": 0.5607476635514018,
    "Poland": 0.5261044176706827,
    "England": 0.30659767141009053,
    "Austria": 0.7926829268292683,
    "Sweden": 0.5971502590673575,
    "Czechia": 0.5126262626262627,
    "Serbia": 0.4118421052631579,
    "Spain": 0.3550531914893617,
    "Turkey": 0.6294871794871795,
    "Wales": 0.5854304635761589,
    "Denmark": 0.47506561679790027,
    "Germany": 0.2378449408672799,
    "France": 0.3381014304291287,
    "Norway": 0.7304347826086957,
    "Belgium": 0.2572877059569075,
    "Croatia": 0.2826362484157161,
    "Hungary": 0.5971128608923885,
    "Scotland": 0.7857142857142857,
    "Greece": 0.7591240875912408,
    "Italy": 0.31835686777920413,
    "Portugal": 0.5393858477970628
  },
  "Austria": {
    "Netherlands": 0.11467889908256881,
    "Ukraine": 0.18159806295399517,
    "Russia": 0.23284313725490197,
    "Poland": 0.2109090909090909,
    "England": 0.0977620730270907,
    "Switzerland": 0.20098643649815043,
    "Sweden": 0.30337078651685395,
    "Czechia": 0.22342995169082125,
    "Serbia": 0.16326530612244897,
    "Spain": 0.11846689895470383,
    "Turkey": 0.3199023199023199,
    "Wales": 0.26996197718631176,
    "Denmark": 0.181044957472661,
    "Germany": 0.10526315789473684,
    "France": 0.14354644149577805,
    "Norway": 0.42326732673267325,
    "Belgium": 0.10123734533183353,
    "Croatia": 0.09080459770114943,
    "Hungary": 0.3005050505050505,
    "Scotland": 0.45320197044334976,
    "Greece": 0.4247787610619469,
    "Italy": 0.09165687426556991,
    "Portugal": 0.25280199252801994
  },
  "Sweden": {
    "Netherlands": 0.17,
    "Ukraine": 0.3224115334207077,
    "Russia": 0.41392904073587383,
    "Poland": 0.4355909694555113,
    "England": 0.21717171717171718,
    "Switzerland": 0.37292464878671777,
    "Austria": 0.6978508217446271,
    "Czechia": 0.39575033200531207,
    "Serbia": 0.3094928478543563,
    "Spain": 0.2564734895191122,
    "Turkey": 0.5542784163473818,
    "Wales": 0.45006485084306097,
    "Denmark": 0.3472409152086137,
    "Germany": 0.18181818181818182,
    "France": 0.2557856272838002,
    "Norway": 0.7027027027027027,
    "Belgium": 0.17391304347826086,
    "Croatia": 0.2196319018404908,
    "Hungary": 0.4599483204134367,
    "Scotland": 0.6633165829145728,
    "Greece": 0.6369426751592356,
    "Italy": 0.23551637279596976,
    "Portugal": 0.44900662251655626
  },
  "Czechia": {
    "Netherlands": 0.2765151515151515,
    "Ukraine": 0.45287958115183247,
    "Russia": 0.5069708491761724,
    "Poland": 0.5084525357607282,
    "England": 0.27114427860696516,
    "Switzerland": 0.4727272727272727,
    "Austria": 0.7387606318347509,
    "Sweden": 0.5673940949935815,
    "Serbia": 0.3906856403622251,
    "Spain": 0.3295880149812734,
    "Turkey": 0.6475,
    "Wales": 0.5451127819548872,
    "Denmark": 0.45194805194805193,
    "Germany": 0.26463104325699743,
    "France": 0.3564356435643564,
    "Norway": 0.7285012285012284,
    "Belgium": 0.273972602739726,
    "Croatia": 0.29706601466992666,
    "Hungary": 0.602996254681648,
    "Scotland": 0.7325153374233129,
    "Greece": 0.7503059975520195,
    "Italy": 0.33376792698826596,
    "Portugal": 0.4796954314720812
  },
  "Serbia": {
    "Netherlands": 0.37711313394018203,
    "Ukraine": 0.495225102319236,
    "Russia": 0.6147757255936676,
    "Poland": 0.5659121171770972,
    "England": 0.3594164456233422,
    "Switzerland": 0.5552596537949401,
    "Austria": 0.8382877526753865,
    "Sweden": 0.6979695431472082,
    "Czechia": 0.5510204081632653,
    "Spain": 0.4167812929848693,
    "Turkey": 0.6658227848101266,
    "Wales": 0.6331592689295039,
    "Denmark": 0.5363881401617251,
    "Germany": 0.3395973154362416,
    "France": 0.40981432360742703,
    "Norway": 0.7975308641975308,
    "Belgium": 0.32169576059850374,