{
  "Argentina": {
    "Paraguay": 0.7964601769911505,
    "Brazil": 0.4794701986754967,
    "Chile": 0.8355029585798817,
    "Uruguay": 0.5473684210526316,
    "Ecuador": 0.5851755526657998,
    "Peru": 0.7092024539877301,
    "Colombia": 0.5235531628532974
  },
  "Paraguay": {
    "Argentina": 0.21287128712871287,
    "Brazil": 0.17815344603381014,
    "Chile": 0.564993564993565,
    "Uruguay": 0.22277227722772278,
    "Ecuador": 0.2844611528822055,
    "Peru": 0.4254215304798962,
    "Colombia": 0.1977886977886978
  },
  "Brazil": {
    "Argentina": 0.5482625482625483,
    "Paraguay": 0.8461538461538461,
    "Chile": 0.8488372093023255,
    "Uruguay": 0.592032967032967,
    "Ecuador": 0.6392156862745098,
    "Peru": 0.7653846153846153,
    "Colombia": 0.5427069645203679
  },
  "Chile": {
    "Argentina": 0.1501787842669845,
    "Paraguay": 0.46433203631647213,
    "Brazil": 0.15606242496998798,
    "Uruguay": 0.16666666666666666,
    "Ecuador": 0.22620519159456118,
    "Peru": 0.40182054616384916,
    "Colombia": 0.17839195979899497
  },
  "Uruguay": {
    "Argentina": 0.4585987261146497,
    "Paraguay": 0.769889840881273,
    "Brazil": 0.44312169312169314,
    "Chile": 0.8134328358208955,
    "Ecuador": 0.5602094240837696,
    "Peru": 0.71875,
    "Colombia": 0.4885290148448043
  },
  "Ecuador": {
    "Argentina": 0.41698352344740175,
    "Paraguay": 0.7307692307692307,
    "Brazil": 0.3658210947930574,
    "Chile": 0.7283018867924528,
    "Uruguay": 0.4174252275682705,
    "Peru": 0.6579292267365662,
    "Colombia": 0.41312741312741313
  },
  "Peru": {
    "Argentina": 0.24347826086956523,
    "Paraguay": 0.5946308724832214,
    "Brazil": 0.2337992376111817,
    "Chile": 0.6203703703703703,
    "Uruguay": 0.2702020202020202,
    "Ecuador": 0.3503355704697987,
    "Colombia": 0.23767383059418457
  },
  "Colombia": {
    "Argentina": 0.46683673469387754,
    "Paraguay": 0.808252427184466,
    "Brazil": 0.45219638242894056,
    "Chile": 0.8339307048984468,
    "Uruguay": 0.5234899328859061,
    "Ecuador": 0.581913499344692,
    "Peru": 0.7384615384615385
  }
}