{
  "Czechia": {
    "United States": 0.3997412677878396,
    "Costa Rica": 0.6204188481675392,
    "Russia": 0.5181932245922208,
    "Senegal": 0.6818181818181818,
    "Nigeria": 0.7719087635054022,
    "Australia": 0.6108374384236454,
    "Georgia": 0.7061790668348046,
    "Argentina": 0.26996197718631176,
    "Fiji": 0.860655737704918,
    "Chile": 0.6404907975460122,
    "Sweden": 0.6264591439688716,
    "Hungary": 0.5656441717791411,
    "Austria": 0.7671068427370948,
    "Iraq": 0.8399044205495818,
    "Ukraine": 0.4389920424403183
  },
  "United States": {
    "Czechia": 0.6295811518324608,
    "Costa Rica": 0.7454545454545455,
    "Russia": 0.6251621271076524,
    "Senegal": 0.7754854368932039,
    "Nigeria": 0.8246445497630331,
    "Australia": 0.7281921618204804,
    "Georgia": 0.7573891625615764,
    "Argentina": 0.4076923076923077,
    "Fiji": 0.9086809470124013,
    "Chile": 0.7319201995012469,
    "Sweden": 0.6958128078817734,
    "Hungary": 0.6542416452442159,
    "Austria": 0.8387096774193549,
    "Iraq": 0.8852459016393442,
    "Ukraine": 0.5620052770448549
  },
  "Costa Rica": {
    "Czechia": 0.3460559796437659,
    "United States": 0.26211180124223604,
    "Russia": 0.3850129198966408,
    "Senegal": 0.5731070496083551,
    "Nigeria": 0.6544303797468355,
    "Australia": 0.509020618556701,
    "Georgia": 0.5335968379446641,
    "Argentina": 0.20199501246882792,
    "Fiji": 0.7787081339712919,
    "Chile": 0.5006675567423231,
    "Sweden": 0.4661458333333333,
    "Hungary": 0.42091836734693877,
    "Austria": 0.630461922596754,
    "Iraq": 0.7503250975292588,
    "Ukraine": 0.29449423815621
  },
  "Russia": {
    "Czechia": 0.47095959595959597,
    "United States": 0.37435897435897436,
    "Costa Rica": 0.5937090432503277,
    "Senegal": 0.6578616352201258,
    "Nigeria": 0.7481203007518797,
    "Australia": 0.6317780580075663,
    "Georgia": 0.648171500630517,
    "Argentina": 0.2651222651222651,
    "Fiji": 0.8377403846153846,
    "Chile": 0.6198453608247423,
    "Sweden": 0.595360824742268,
    "Hungary": 0.5551232166018158,
    "Austria": 0.7428571428571429,
    "Iraq": 0.8280871670702179,
    "Ukraine": 0.4169934640522876
  },
  "Senegal": {
    "Czechia": 0.336094674556213,
    "United States": 0.2308641975308642,
    "Costa Rica": 0.4365482233502538,
    "Russia": 0.32160804020100503,
    "Nigeria": 0.6148908857509627,
    "Australia": 0.47051442910915936,
    "Georgia": 0.4818181818181818,
    "Argentina": 0.16705882352941176,
    "Fiji": 0.753441802252816,
    "Chile": 0.4538558786346397,
    "Sweden": 0.4154040404040404,
    "Hungary": 0.36755386565272496,
    "Austria": 0.5943877551020408,
    "Iraq": 0.7196495619524406,
    "Ukraine": 0.2728442728442728
  },
  "Nigeria": {
    "Czechia": 0.25180722891566265,
    "United States": 0.1336405529953917,
    "Costa Rica": 0.32709113607990015,
    "Russia": 0.2598225602027883,
    "Senegal": 0.4131812420785805,
    "Australia": 0.36237373737373735,
    "Georgia": 0.34892541087231355,
    "Argentina": 0.10514285714285715,
    "Fiji": 0.6139240506329114,
    "Chile": 0.3198992443324937,
    "Sweden": 0.29625,
    "Hungary": 0.27638190954773867,
    "Austria": 0.4675642594859241,
    "Iraq": 0.5818639798488665,
    "Ukraine": 0.19704433497536947
  },
  "Australia": {
    "Czechia": 0.3704156479217604,
    "United States": 0.2518518518518518,
    "Costa Rica": 0.5025974025974026,
    "Russia": 0.36683417085427134,
    "Senegal": 0.5734177215189873,
    "Nigeria": 0.623279098873592,
    "Georgia": 0.5125944584382871,
    "Argentina": 0.1738095238095238,
    "Fiji": 0.7475961538461539,
    "Chile": 0.5132075471698113,
    "Sweden": 0.47126436781609193,
    "Hungary": 0.45966709346991036,
    "Austria": 0.6438529784537389,
    "Iraq": 0.75,
    "Ukraine": 0.34850455136540964
  },
  "Georgia": {
    "Czechia": 0.3066502463054187,
    "United States": 0.23751522533495736,
    "Costa Rica": 0.4522875816993464,
    "Russia": 0.3484848484848485,
    "Senegal": 0.5144356955380578,
    "Nigeria": 0.6646039603960396,
    "Australia": 0.46350832266325226,
    "Argentina": 0.17464114832535885,
    "Fiji": 0.7679012345679013,
    "Chile": 0.4899244332493703,
    "Sweden": 0.44302176696542894,
    "Hungary": 0.36809045226130654,
    "Austria": 0.6188055908513341,
    "Iraq": 0.7161997563946407,
    "Ukraine": 0.28552803129074317
  },
  "Argentina": {
    "Czechia": 0.706786171574904,
    "United States": 0.6214833759590793,
    "Costa Rica": 0.8299492385786802,
    "Russia": 0.7052096569250318,
    "Senegal": 0.8410438908659549,
    "Nigeria": 0.8985005767012687,
    "Australia": 0.8152941176470588,
    "Georgia": 0.833530106257379,
    "Fiji": 0.9311111111111111,
    "Chile": 0.8016726403823178,
    "Sweden": 0.7631901840490798,
    "Hungary": 0.7803970223325062,
    "Austria": 0.9032258064516129,
    "Iraq": 0.915445321307779,
    "Ukraine": 0.6147859922178989
  },
  "Fiji": {
    "Czechia": 0.1623529411764706,
    "United States": 0.07990867579908675,
    "Costa Rica": 0.18976279650436953,
    "Russia": 0.12485414235705951,
    "Senegal": 0.26674786845310594,
    "Nigeria": 0.3802992518703242,
    "Australia": 0.20963855421686747,
    "Georgia": 0.2210144927536232,
    "Argentina": 0.0764904386951631,
    "Chile": 0.22069825436408977,
    "Sweden": 0.16686674669867949,
    "Hungary": 0.19454329774614473,
    "Austria": 0.32503113325031135,
    "Iraq": 0.45721583652618136,
    "Ukraine": 0.12060889929742388
  },
  "Chile": {
    "Czechia": 0.34007585335018964,
    "United States": 0.218091697645601,
    "Costa Rica": 0.4591439688715953,
    "Russia": 0.3577981651376147,
    "Senegal": 0.494750656167979,
    "Nigeria": 0.6395348837209303,
    "Australia": 0.4681404421326398,
    "Georgia": 0.4839537869062901,
    "Argentina": 0.18705882352941178,
    "Fiji": 0.7914634146341464,
    "Sweden": 0.43005181347150256,
    "Hungary": 0.40182054616384916,
    "Austria": 0.6679487179487179,
    "Iraq": 0.7365119196988708,
    "Ukraine": 0.2682926829268293
  },
  "Sweden": {
    "Czechia": 0.413151364764268,
    "United States": 0.2955665024630542,
    "Costa Rica": 0.5681233933161953,
    "Russia": 0.43593130779392336,
    "Senegal": 0.6396965865992414,
    "Nigeria": 0.7109181141439206,
    "Australia": 0.5440613026819924,
    "Georgia": 0.5626598465473146,
    "Argentina": 0.24905183312262957,
    "Fiji": 0.8066429418742586,
    "Chile": 0.5396419437340153,
    "Hungary": 0.4756410256410256,
    "Austria": 0.6974683544303798,
    "Iraq": 0.7934386391251519,
    "Ukraine": 0.35894039735099337
  },
  "Hungary": {
    "Czechia": 0.47684605757196497,
    "United States": 0.2875318066157761,
    "Costa Rica": 0.5727040816326531,
    "Russia": 0.45870393900889456,
    "Senegal": 0.6017369727047146,
    "Nigeria": 0.73125,
    "Australia": 0.5717916137229987,
    "Georgia": 0.5976863753213367,
    "Argentina": 0.21916167664670658,
    "Fiji": 0.8368298368298368,
    "Chile": 0.6064102564102564,
    "Sweden": 0.5106382978723404,
    "Austria": 0.7144622991347342,
    "Iraq": 0.7463768115942029,
    "Ukraine": 0.38242894056847543
  },
  "Austria": {
    "Czechia": 0.22157092614302462,
    "United States": 0.15294117647058825,
    "Costa Rica": 0.35463659147869675,
    "Russia": 0.23182957393483708,
    "Senegal": 0.3742177722152691,
    "Nigeria": 0.5178117048346056,
    "Australia": 0.3718905472636816,
    "Georgia": 0.3582474226804124,
    "Argentina": 0.10857142857142857,
    "Fiji": 0.6481958762886598,
    "Chile": 0.3472750316856781,
    "Sweden": 0.29987608426270135,
    "Hungary": 0.2957920792079208,
    "Iraq": 0.5892169448010269,
    "Ukraine": 0.17058096415327564
  },
  "Iraq": {
    "Czechia": 0.16403402187120292,
    "United States": 0.11136890951276102,
    "Costa Rica": 0.2455919395465995,
    "Russia": 0.19319562575941676,
    "Senegal": 0.32156368221941994,
    "Nigeria": 0.38316582914572866,
    "Australia": 0.26328800988875156,
    "Georgia": 0.26783479349186484,