{
  "Peru": {
    "Trinidad and Tobago": 0.39299610894941633,
    "Cuba": 0.6361323155216285,
    "Dominican Republic": 0.6396508728179551,
    "Honduras": 0.5236875800256082,
    "Panama": 0.32982917214191854,
    "Guatemala": 0.601063829787234,
    "Paraguay": 0.4927916120576671,
    "Mexico": 0.26032540675844806,
    "Ecuador": 0.35006435006435005,
    "Argentina": 0.2050955414012739,
    "Canada": 0.4372523117569353,
    "Costa Rica": 0.33163265306122447,
    "Chile": 0.3258278145695364,
    "United States": 0.2513089005235602,
    "Colombia": 0.32180851063829785
  },
  "Trinidad and Tobago": {
    "Peru": 0.5927770859277709,
    "Cuba": 0.750920245398773,
    "Dominican Republic": 0.7281437125748503,
    "Honduras": 0.6620603015075377,
    "Panama": 0.450261780104712,
    "Guatemala": 0.7044887780548629,
    "Paraguay": 0.6090794451450189,
    "Mexico": 0.38172715894868586,
    "Ecuador": 0.49742268041237114,
    "Argentina": 0.25184275184275184,
    "Canada": 0.5593008739076155,
    "Costa Rica": 0.41456953642384103,
    "Chile": 0.43376623376623374,
    "United States": 0.2948557089084065,
    "Colombia": 0.4483204134366925
  },
  "Cuba": {
    "Peru": 0.4035532994923858,
    "Trinidad and Tobago": 0.2552147239263804,
    "Dominican Republic": 0.4699248120300752,
    "Honduras": 0.3874680306905371,
    "Panama": 0.2099236641221374,
    "Guatemala": 0.4448871181938911,
    "Paraguay": 0.37452229299363055,
    "Mexico": 0.1793275217932752,
    "Ecuador": 0.2766497461928934,
    "Argentina": 0.11858608893956671,
    "Canada": 0.3422391857506361,
    "Costa Rica": 0.2140266021765417,
    "Chile": 0.18024691358024691,
    "United States": 0.15802781289506954,
    "Colombia": 0.19674185463659147
  },
  "Dominican Republic": {
    "Peru": 0.3278061224489796,
    "Trinidad and Tobago": 0.27183271832718325,
    "Cuba": 0.5210918114143921,
    "Honduras": 0.4090338770388959,
    "Panama": 0.24369747899159663,
    "Guatemala": 0.4742014742014742,
    "Paraguay": 0.36049382716049383,
    "Mexico": 0.1652593486127865,
    "Ecuador": 0.2738238841978287,
    "Argentina": 0.11098265895953757,
    "Canada": 0.3341645885286783,
    "Costa Rica": 0.18944844124700239,
    "Chile": 0.1939252336448598,
    "United States": 0.1496437054631829,
    "Colombia": 0.1966626936829559
  },
  "Honduras": {
    "Peru": 0.4593908629441624,
    "Trinidad and Tobago": 0.3534591194968553,
    "Cuba": 0.5637755102040817,
    "Dominican Republic": 0.5811965811965812,
    "Panama": 0.3028720626631854,
    "Guatemala": 0.5508365508365508,
    "Paraguay": 0.47058823529411764,
    "Mexico": 0.2484472049689441,
    "Ecuador": 0.34314980793854033,
    "Argentina": 0.1826809015421115,
    "Canada": 0.4416775884665793,
    "Costa Rica": 0.28697850821744625,
    "Chile": 0.2785622593068036,
    "United States": 0.19023136246786632,
    "Colombia": 0.25126262626262624
  },
  "Panama": {
    "Peru": 0.6679636835278858,
    "Trinidad and Tobago": 0.5482166446499339,
    "Cuba": 0.7904642409033877,
    "Dominican Republic": 0.7805755395683454,
    "Honduras": 0.6970443349753694,
    "Guatemala": 0.7474874371859297,
    "Paraguay": 0.6892230576441103,
    "Mexico": 0.3967611336032389,
    "Ecuador": 0.5811170212765957,
    "Argentina": 0.3271276595744681,
    "Canada": 0.6108247422680413,
    "Costa Rica": 0.4666666666666667,
    "Chile": 0.46054333764553684,
    "United States": 0.3695652173913043,
    "Colombia": 0.44081632653061226
  },
  "Guatemala": {
    "Peru": 0.4198174706649283,
    "Trinidad and Tobago": 0.32587064676616917,
    "Cuba": 0.5561290322580645,
    "Dominican Republic": 0.5006418485237484,
    "Honduras": 0.45310435931307796,
    "Panama": 0.2608695652173913,
    "Paraguay": 0.43570536828963796,
    "Mexico": 0.2413793103448276,
    "Ecuador": 0.2886334610472541,
    "Argentina": 0.13912009512485138,
    "Canada": 0.36889460154241643,
    "Costa Rica": 0.265,
    "Chile": 0.22592592592592592,
    "United States": 0.1683046683046683,
    "Colombia": 0.22265122265122264
  },
  "Paraguay": {
    "Peru": 0.49744897959183676,
    "Trinidad and Tobago": 0.3972602739726027,
    "Cuba": 0.638432364096081,
    "Dominican Republic": 0.5917602996254682,
    "Honduras": 0.5078947368421053,
    "Panama": 0.35159235668789807,
    "Guatemala": 0.5641677255400254,
    "Mexico": 0.26309067688378035,
    "Ecuador": 0.38235294117647056,
    "Argentina": 0.17610837438423646,
    "Canada": 0.42838874680306904,
    "Costa Rica": 0.29924242424242425,
    "Chile": 0.33164556962025316,
    "United States": 0.21836228287841192,
    "Colombia": 0.2720306513409962
  },
  "Mexico": {
    "Peru": 0.7305236270753512,
    "Trinidad and Tobago": 0.6275510204081632,
    "Cuba": 0.8420413122721749,
    "Dominican Republic": 0.8087885985748219,
    "Honduras": 0.7710997442455243,
    "Panama": 0.5814266487213997,
    "Guatemala": 0.7718204488778054,
    "Paraguay": 0.7288557213930348,
    "Ecuador": 0.6322930800542741,
    "Argentina": 0.386277001270648,
    "Canada": 0.7032679738562092,
    "Costa Rica": 0.5625,
    "Chile": 0.5591397849462365,
    "United States": 0.44755244755244755,
    "Colombia": 0.540650406504065
  },
  "Ecuador": {
    "Peru": 0.6207366984993179,
    "Trinidad and Tobago": 0.53375,
    "Cuba": 0.7487980769230769,
    "Dominican Republic": 0.7258454106280193,
    "Honduras": 0.6756410256410257,
    "Panama": 0.46332046332046334,
    "Guatemala": 0.7102922490470139,
    "Paraguay": 0.6309823677581864,
    "Mexico": 0.3931847968545216,
    "Argentina": 0.297680412371134,
    "Canada": 0.5930851063829787,
    "Costa Rica": 0.4076015727391874,
    "Chile": 0.4357682619647355,
    "United States": 0.3028263795423957,
    "Colombia": 0.41732283464566927
  },
  "Argentina": {
    "Peru": 0.8041362530413625,
    "Trinidad and Tobago": 0.7317365269461078,
    "Cuba": 0.9007009345794392,
    "Dominican Republic": 0.8966318234610917,
    "Honduras": 0.8424821002386634,
    "Panama": 0.6872427983539094,
    "Guatemala": 0.8658682634730539,
    "Paraguay": 0.8104265402843602,
    "Mexico": 0.5922580645161291,
    "Ecuador": 0.7131882202304738,
    "Canada": 0.7871536523929471,
    "Costa Rica": 0.6503311258278146,
    "Chile": 0.7,
    "United States": 0.541029207232267,
    "Colombia": 0.6551264980026631
  },
  "Canada": {
    "Peru": 0.5358539765319427,
    "Trinidad and Tobago": 0.4336734693877551,
    "Cuba": 0.6417721518987342,
    "Dominican Republic": 0.6715686274509803,
    "Honduras": 0.5785997357992074,
    "Panama": 0.3710292249047014,
    "Guatemala": 0.6383812010443864,
    "Paraguay": 0.5692503176620076,
    "Mexico": 0.2909090909090909,
    "Ecuador": 0.38421733505821476,
    "Argentina": 0.19315403422982885,
    "Costa Rica": 0.35058214747736094,
    "Chile": 0.33376455368693403,
    "United States": 0.2423469387755102,
    "Colombia": 0.31450577663671375
  },
  "Costa Rica": {
    "Peru": 0.6960526315789474,
    "Trinidad and Tobago": 0.575,
    "Cuba": 0.779126213592233,
    "Dominican Republic": 0.8009535160905841,
    "Honduras": 0.7142857142857143,
    "Panama": 0.5251989389920424,
    "Guatemala": 0.7676767676767676,
    "Paraguay": 0.6818181818181818,
    "Mexico": 0.4572538860103627,
    "Ecuador": 0.582798459563543,
    "Argentina": 0.3258575197889182,
    "Canada": 0.6434010152284264,
    "Chile": 0.4743935309973046,
    "United States": 0.3804347826086957,
    "Colombia": 0.47043010752688175
  },
  "Chile": {
    "Peru": 0.6739690721649485,
    "Trinidad and Tobago": 0.5620998719590269,
    "Cuba": 0.7876543209876543,
    "Dominican Republic": 0.7759237187127532,
    "Honduras": 0.6993788819875777,
    "Panama": 0.50472334682861,
    "Guatemala": 0.7663782447466008,
    "Paraguay": 0.6870324189526185,
    "Mexico": 0.46054333764553684,
    "Ecuador": 0.569371727748691,
    "Argentina": 0.3282828282828283,
    "Canada": 0.6288659793814433,
    "Costa Rica": 0.5085413929040736,
    "United States": 0.3884514435695538,
    "Colombia": 0.4849315068493151
  },