{
  "Burkina Faso": {
    "Morocco": 0.24112607099143207,
    "Tunisia": 0.386052303860523,
    "Cameroon": 0.4226044226044226,
    "Egypt": 0.31525851197982346,
    "Senegal": 0.2972322503008424,
    "Algeria": 0.22037914691943128,
    "Mali": 0.4859335038363171,
    "Nigeria": 0.41729323308270677,
    "Cote d'Ivoire": 0.15738498789346247
  },
  "Morocco": {
    "Burkina Faso": 0.7521367521367521,
    "Tunisia": 0.6394904458598726,
    "Cameroon": 0.6950617283950618,
    "Egypt": 0.578005115089514,
    "Senegal": 0.5869017632241813,
    "Algeria": 0.46770025839793283,
    "Mali": 0.7571251548946716,
    "Nigeria": 0.6625766871165644,
    "Cote d'Ivoire": 0.46064516129032257
  },
  "Tunisia": {
    "Burkina Faso": 0.649810366624526,
    "Morocco": 0.35,
    "Cameroon": 0.5427509293680297,
    "Egypt": 0.4405684754521964,
    "Senegal": 0.44611528822055135,
    "Algeria": 0.3209242618741977,
    "Mali": 0.5895140664961637,
    "Nigeria": 0.5508905852417303,
    "Cote d'Ivoire": 0.2590286425902864
  },
  "Cameroon": {
    "Burkina Faso": 0.5607008760951189,
    "Morocco": 0.27791563275434245,
    "Tunisia": 0.44402985074626866,
    "Egypt": 0.4007731958762887,
    "Senegal": 0.36014405762304924,
    "Algeria": 0.25274725274725274,
    "Mali": 0.5599489795918368,
    "Nigeria": 0.4544287548138639,
    "Cote d'Ivoire": 0.2457831325301205
  },
  "Egypt": {
    "Burkina Faso": 0.6737766624843162,
    "Morocco": 0.41534391534391535,
    "Tunisia": 0.5984354628422425,
    "Cameroon": 0.5734355044699873,
    "Senegal": 0.4645669291338583,
    "Algeria": 0.3677736777367774,
    "Mali": 0.6619718309859155,
    "Nigeria": 0.6074168797953964,
    "Cote d'Ivoire": 0.35263835263835264
  },
  "Senegal": {
    "Burkina Faso": 0.7188264058679706,
    "Morocco": 0.442159383033419,
    "Tunisia": 0.6082089552238806,
    "Cameroon": 0.6509316770186335,
    "Egypt": 0.5217948717948718,
    "Algeria": 0.36075949367088606,
    "Mali": 0.6918316831683168,
    "Nigeria": 0.5972222222222222,
    "Cote d'Ivoire": 0.38471177944862156
  },
  "Algeria": {
    "Burkina Faso": 0.773696682464455,
    "Morocco": 0.5192069392812887,
    "Tunisia": 0.6798516687268232,
    "Cameroon": 0.7173652694610778,
    "Egypt": 0.643312101910828,
    "Senegal": 0.63510101010101,
    "Mali": 0.7416563658838071,
    "Nigeria": 0.7276119402985075,
    "Cote d'Ivoire": 0.5031133250311333
  },
  "Mali": {
    "Burkina Faso": 0.5329113924050632,
    "Morocco": 0.2599502487562189,
    "Tunisia": 0.37662337662337664,
    "Cameroon": 0.476010101010101,
    "Egypt": 0.30749014454664914,
    "Senegal": 0.3381014304291287,
    "Algeria": 0.22167487684729065,
    "Nigeria": 0.41645244215938304,
    "Cote d'Ivoire": 0.21723300970873785
  },
  "Nigeria": {
    "Burkina Faso": 0.6096059113300493,
    "Morocco": 0.3197530864197531,
    "Tunisia": 0.4664981036662453,
    "Cameroon": 0.5165238678090576,
    "Egypt": 0.3896595208070618,
    "Senegal": 0.3584905660377358,
    "Algeria": 0.28714107365792757,
    "Mali": 0.5673940949935815,
    "Cote d'Ivoire": 0.2690863579474343
  },
  "Cote d'Ivoire": {
    "Burkina Faso": 0.7882775119617225,
    "Morocco": 0.5534351145038168,
    "Tunisia": 0.6986794717887155,
    "Cameroon": 0.7270531400966184,
    "Egypt": 0.6506329113924051,
    "Senegal": 0.6203346203346203,
    "Algeria": 0.47854356306892065,
    "Mali": 0.7828220858895706,
    "Nigeria": 0.7289836888331243
  }
}