{
  "Palestine": {
    "China": 0.5823754789272031,
    "Iraq": 0.410288582183187,
    "Vietnam": 0.5853976531942634,
    "Syria": 0.4516971279373368,
    "Thailand": 0.4040268456375839,
    "Bahrain": 0.55375,
    "Qatar": 0.39514066496163686,
    "Japan": 0.17328519855595667,
    "South Korea": 0.1073170731707317,
    "Iran": 0.19125,
    "Saudi Arabia": 0.2138442521631644,
    "United Arab Emirates": 0.4691516709511568,
    "Jordan": 0.29850746268656714,
    "Uzbekistan": 0.3363994743758213,
    "Oman": 0.4587765957446808
  },
  "China": {
    "Palestine": 0.4005167958656331,
    "Iraq": 0.27007299270072993,
    "Vietnam": 0.4440251572327044,
    "Syria": 0.44189016602809705,
    "Thailand": 0.36412315930388217,
    "Bahrain": 0.4672544080604534,
    "Qatar": 0.27701863354037265,
    "Japan": 0.09164733178654293,
    "South Korea": 0.0645879732739421,
    "Iran": 0.14016489988221437,
    "Saudi Arabia": 0.14639905548996457,
    "United Arab Emirates": 0.33083645443196,
    "Jordan": 0.21097560975609755,
    "Uzbekistan": 0.22868217054263565,
    "Oman": 0.39759036144578314
  },
  "Iraq": {
    "Palestine": 0.5980024968789014,
    "China": 0.7317073170731707,
    "Vietnam": 0.7151664611590629,
    "Syria": 0.6141025641025641,
    "Thailand": 0.49165596919127086,
    "Bahrain": 0.7388149939540508,
    "Qatar": 0.4674329501915709,
    "Japan": 0.24179829890643986,
    "South Korea": 0.19811320754716982,
    "Iran": 0.30987654320987656,
    "Saudi Arabia": 0.3208955223880597,
    "United Arab Emirates": 0.5893958076448829,
    "Jordan": 0.44660194174757284,
    "Uzbekistan": 0.383270911360799,
    "Oman": 0.6034696406443618
  },
  "Vietnam": {
    "Palestine": 0.4374193548387097,
    "China": 0.5305105853051059,
    "Iraq": 0.2963855421686747,
    "Syria": 0.3852040816326531,
    "Thailand": 0.37135614702154623,
    "Bahrain": 0.5242839352428393,
    "Qatar": 0.3013530135301353,
    "Japan": 0.12368728121353559,
    "South Korea": 0.07536557930258718,
    "Iran": 0.1724137931034483,
    "Saudi Arabia": 0.1323185011709602,
    "United Arab Emirates": 0.34571062740076824,
    "Jordan": 0.2593939393939394,
    "Uzbekistan": 0.28390367553865653,
    "Oman": 0.40797940797940796
  },
  "Syria": {
    "Palestine": 0.5084306095979247,
    "China": 0.5400788436268068,
    "Iraq": 0.4077306733167082,
    "Vietnam": 0.5701058201058201,
    "Thailand": 0.450063211125158,
    "Bahrain": 0.5974842767295597,
    "Qatar": 0.3706111833550065,
    "Japan": 0.1443661971830986,
    "South Korea": 0.10570071258907364,
    "Iran": 0.20875,
    "Saudi Arabia": 0.21534653465346534,
    "United Arab Emirates": 0.43116883116883115,
    "Jordan": 0.3283208020050125,
    "Uzbekistan": 0.31088082901554404,
    "Oman": 0.46837146702557203
  },
  "Thailand": {
    "Palestine": 0.5642384105960265,
    "China": 0.6587615283267457,
    "Iraq": 0.5044699872286079,
    "Vietnam": 0.6408912188728703,
    "Syria": 0.5383580080753702,
    "Bahrain": 0.655860349127182,
    "Qatar": 0.46842105263157896,
    "Japan": 0.20939086294416243,
    "South Korea": 0.16748166259168704,
    "Iran": 0.27086007702182285,
    "Saudi Arabia": 0.27496757457846954,
    "United Arab Emirates": 0.5159151193633952,
    "Jordan": 0.4020227560050569,
    "Uzbekistan": 0.38430311231393777,
    "Oman": 0.5435684647302904
  },
  "Bahrain": {
    "Palestine": 0.3888888888888889,
    "China": 0.5282308657465495,
    "Iraq": 0.27065868263473053,
    "Vietnam": 0.48880597014925375,
    "Syria": 0.38688946015424164,
    "Thailand": 0.3312020460358056,
    "Qatar": 0.2731707317073171,
    "Japan": 0.11824324324324324,
    "South Korea": 0.0732519422863485,
    "Iran": 0.13302217036172695,
    "Saudi Arabia": 0.15209580838323353,
    "United Arab Emirates": 0.36658354114713215,
    "Jordan": 0.2709832134292566,
    "Uzbekistan": 0.2456575682382134,
    "Oman": 0.3715415019762846
  },
  "Qatar": {
    "Palestine": 0.6408629441624365,
    "China": 0.7268106734434562,
    "Iraq": 0.5253399258343634,
    "Vietnam": 0.6962025316455697,
    "Syria": 0.6274509803921569,
    "Thailand": 0.5710491367861886,
    "Bahrain": 0.7025703794369645,
    "Japan": 0.22964763061968407,
    "South Korea": 0.18925518925518925,
    "Iran": 0.3182389937106918,
    "Saudi Arabia": 0.31446540880503143,
    "United Arab Emirates": 0.574468085106383,
    "Jordan": 0.45217391304347826,
    "Uzbekistan": 0.4036697247706422,
    "Oman": 0.6088117489986649
  },
  "Japan": {
    "Palestine": 0.8333333333333334,
    "China": 0.9031890660592256,
    "Iraq": 0.75,
    "Vietnam": 0.9003436426116839,
    "Syria": 0.8476190476190476,
    "Thailand": 0.7917189460476788,
    "Bahrain": 0.8969422423556059,
    "Qatar": 0.7562814070351759,
    "South Korea": 0.417201540436457,
    "Iran": 0.5673940949935815,
    "Saudi Arabia": 0.5568475452196382,
    "United Arab Emirates": 0.8044496487119438,
    "Jordan": 0.7316486161251504,
    "Uzbekistan": 0.6914893617021277,
    "Oman": 0.8247809762202754
  },
  "South Korea": {
    "Palestine": 0.8995327102803738,
    "China": 0.9248035914702581,
    "Iraq": 0.8154761904761905,
    "Vietnam": 0.9059734513274337,
    "Syria": 0.8716136631330977,
    "Thailand": 0.8179581795817958,
    "Bahrain": 0.9185267857142857,
    "Qatar": 0.8141486810551559,
    "Japan": 0.5886792452830188,
    "Iran": 0.6434010152284264,
    "Saudi Arabia": 0.6762402088772846,
    "United Arab Emirates": 0.8626760563380281,
    "Jordan": 0.7921022067363531,
    "Uzbekistan": 0.7677419354838709,
    "Oman": 0.8498212157330155
  },
  "Iran": {
    "Palestine": 0.7822277847309136,
    "China": 0.8632580261593341,
    "Iraq": 0.6868811881188119,
    "Vietnam": 0.8100358422939068,
    "Syria": 0.7827715355805244,
    "Thailand": 0.727391874180865,
    "Bahrain": 0.8457943925233645,
    "Qatar": 0.6888604353393086,
    "Japan": 0.40152477763659467,
    "South Korea": 0.35361216730038025,
    "Saudi Arabia": 0.480946123521682,
    "United Arab Emirates": 0.7635054021608644,
    "Jordan": 0.6650426309378806,
    "Uzbekistan": 0.6351531291611185,
    "Oman": 0.7577720207253886
  },
  "Saudi Arabia": {
    "Palestine": 0.7737789203084833,
    "China": 0.8869047619047619,
    "Iraq": 0.6719706242350061,
    "Vietnam": 0.8672985781990521,
    "Syria": 0.7939698492462312,
    "Thailand": 0.726797385620915,
    "Bahrain": 0.8311688311688312,
    "Qatar": 0.698780487804878,
    "Japan": 0.42912371134020616,
    "South Korea": 0.3447368421052632,
    "Iran": 0.4842370744010088,
    "United Arab Emirates": 0.7628361858190709,
    "Jordan": 0.6360294117647058,
    "Uzbekistan": 0.6346666666666667,
    "Oman": 0.7934918648310388
  },
  "United Arab Emirates": {
    "Palestine": 0.6018158236057068,
    "China": 0.6786600496277916,
    "Iraq": 0.40663390663390664,
    "Vietnam": 0.6362530413625304,
    "Syria": 0.5524296675191815,
    "Thailand": 0.4650856389986825,
    "Bahrain": 0.6494178525226391,
    "Qatar": 0.41955445544554454,
    "Japan": 0.17464114832535885,
    "South Korea": 0.1609870740305523,
    "Iran": 0.22932330827067668,
    "Saudi Arabia": 0.24846248462484624,
    "Jordan": 0.38686131386861317,
    "Uzbekistan": 0.36688741721854307,
    "Oman": 0.5084087968952135
  },
  "Jordan": {
    "Palestine": 0.6386138613861386,
    "China": 0.7621359223300971,
    "Iraq": 0.5335731414868106,
    "Vietnam": 0.7317961165048543,
    "Syria": 0.6435643564356436,
    "Thailand": 0.5778894472361809,
    "Bahrain": 0.7517814726840855,
    "Qatar": 0.5388409371146733,
    "Japan": 0.2826603325415677,
    "South Korea": 0.1956521739130435,
    "Iran": 0.3442622950819672,
    "Saudi Arabia": 0.34191176470588236,
    "United Arab Emirates": 0.6283950617283951,
    "Uzbekistan": 0.4480946123521682,
    "Oman": 0.6171284634760705
  },
  "Uzbekistan": {
    "Palestine": 0.6842818428184282,
    "China": 0.7836477987421384,
    "Iraq": 0.5936708860759494,
    "Vietnam": 0.75,
    "Syria": 0.6440677966101694,
    "Thailand": 0.6256756756756757,
    "Bahrain": 0.7403245942571786,