{
  "Gabon": {
    "Morocco": 0.2186335403726708,
    "Senegal": 0.24507389162561577,
    "Cote d'Ivoire": 0.15492957746478872,
    "Algeria": 0.21360381861575178,
    "Ghana": 0.2975,
    "Cameroon": 0.40389294403892945,
    "Burkina Faso": 0.3718905472636816,
    "Egypt": 0.2430471584038694,
    "South Africa": 0.35286624203821654,
    "Nigeria": 0.1965389369592089,
    "Cabo Verde": 0.5747836835599506,
    "Congo DR": 0.34886649874055414,
    "Mali": 0.2890243902439024,
    "Tunisia": 0.4068010075566751,
    "Guinea": 0.6121919584954605
  },
  "Morocco": {
    "Gabon": 0.7707558859975217,
    "Senegal": 0.5331599479843954,
    "Cote d'Ivoire": 0.3520208604954368,
    "Algeria": 0.49806451612903224,
    "Ghana": 0.6134347275031685,
    "Cameroon": 0.7026022304832714,
    "Burkina Faso": 0.6772959183673469,
    "Egypt": 0.5588235294117647,
    "South Africa": 0.6980645161290323,
    "Nigeria": 0.43741765480895917,
    "Cabo Verde": 0.8450704225352113,
    "Congo DR": 0.7121212121212122,
    "Mali": 0.6194926568758344,
    "Tunisia": 0.6777070063694267,
    "Guinea": 0.879951980792317
  },
  "Senegal": {
    "Gabon": 0.7409261576971214,
    "Morocco": 0.4961139896373057,
    "Cote d'Ivoire": 0.31882202304737517,
    "Algeria": 0.47613065326633164,
    "Ghana": 0.5616264294790343,
    "Cameroon": 0.6751918158567775,
    "Burkina Faso": 0.6364764267990074,
    "Egypt": 0.5394896719319563,
    "South Africa": 0.6266996291718171,
    "Nigeria": 0.44458281444582815,
    "Cabo Verde": 0.8023668639053254,
    "Congo DR": 0.6714100905562742,
    "Mali": 0.5559895833333334,
    "Tunisia": 0.6369426751592356,
    "Guinea": 0.8431372549019608
  },
  "Cote d'Ivoire": {
    "Gabon": 0.8596908442330559,
    "Morocco": 0.6796368352788587,
    "Senegal": 0.6555697823303457,
    "Algeria": 0.659297789336801,
    "Ghana": 0.7315270935960592,
    "Cameroon": 0.8201438848920863,
    "Burkina Faso": 0.7997481108312342,
    "Egypt": 0.686641697877653,
    "South Africa": 0.7884378843788438,
    "Nigeria": 0.6328626444159179,
    "Cabo Verde": 0.9211986681465039,
    "Congo DR": 0.8220024721878862,
    "Mali": 0.7484355444305382,
    "Tunisia": 0.8082191780821918,
    "Guinea": 0.932146829810901
  },
  "Algeria": {
    "Gabon": 0.7622549019607843,
    "Morocco": 0.47941567065073043,
    "Senegal": 0.5238095238095238,
    "Cote d'Ivoire": 0.3380829015544041,
    "Ghana": 0.5967540574282147,
    "Cameroon": 0.671990171990172,
    "Burkina Faso": 0.6569987389659521,
    "Egypt": 0.5337423312883436,
    "South Africa": 0.6280884265279584,
    "Nigeria": 0.44218551461245237,
    "Cabo Verde": 0.7935560859188544,
    "Congo DR": 0.6802030456852792,
    "Mali": 0.6129441624365483,
    "Tunisia": 0.6658476658476659,
    "Guinea": 0.8520231213872832
  },
  "Ghana": {
    "Gabon": 0.6973684210526315,
    "Morocco": 0.38311688311688313,
    "Senegal": 0.4361567635903919,
    "Cote d'Ivoire": 0.2623152709359606,
    "Algeria": 0.40625,
    "Cameroon": 0.6056166056166056,
    "Burkina Faso": 0.6054931335830213,
    "Egypt": 0.44348894348894347,
    "South Africa": 0.5374064837905237,
    "Nigeria": 0.34744707347447074,
    "Cabo Verde": 0.7586206896551724,
    "Congo DR": 0.5683269476372924,
    "Mali": 0.525691699604743,
    "Tunisia": 0.5558343789209536,
    "Guinea": 0.7772567409144197
  },
  "Cameroon": {
    "Gabon": 0.5901234567901235,
    "Morocco": 0.2936010037641154,
    "Senegal": 0.31742243436754175,
    "Cote d'Ivoire": 0.1873508353221957,
    "Algeria": 0.3025,
    "Ghana": 0.36049382716049383,
    "Burkina Faso": 0.4726114649681529,
    "Egypt": 0.30434782608695654,
    "South Africa": 0.46455696202531643,
    "Nigeria": 0.26811594202898553,
    "Cabo Verde": 0.6686967113276492,
    "Congo DR": 0.5062972292191436,
    "Mali": 0.4305381727158949,
    "Tunisia": 0.46446700507614214,
    "Guinea": 0.7288343558282209
  },
  "Burkina Faso": {
    "Gabon": 0.6148148148148148,
    "Morocco": 0.32225063938618925,
    "Senegal": 0.3433962264150943,
    "Cote d'Ivoire": 0.19319562575941676,
    "Algeria": 0.34799482535575677,
    "Ghana": 0.4186939820742638,
    "Cameroon": 0.5,
    "Egypt": 0.3677581863979849,
    "South Africa": 0.4941022280471822,
    "Nigeria": 0.2650306748466258,
    "Cabo Verde": 0.7045454545454546,
    "Congo DR": 0.521203830369357,
    "Mali": 0.42153047989623865,
    "Tunisia": 0.5124835742444153,
    "Guinea": 0.7570900123304563
  },
  "Egypt": {
    "Gabon": 0.7419354838709677,
    "Morocco": 0.4525,
    "Senegal": 0.47984886649874053,
    "Cote d'Ivoire": 0.303970223325062,
    "Algeria": 0.4661558109833972,
    "Ghana": 0.5194479297365119,
    "Cameroon": 0.6363636363636364,
    "Burkina Faso": 0.6641025641025641,
    "South Africa": 0.6150943396226415,
    "Nigeria": 0.41190765492102066,
    "Cabo Verde": 0.8150765606595995,
    "Congo DR": 0.6347381864623244,
    "Mali": 0.5680933852140078,
    "Tunisia": 0.6164383561643836,
    "Guinea": 0.8606271777003485
  },
  "South Africa": {
    "Gabon": 0.6567741935483871,
    "Morocco": 0.288135593220339,
    "Senegal": 0.3743654822335025,
    "Cote d'Ivoire": 0.18407960199004975,
    "Algeria": 0.39036755386565275,
    "Ghana": 0.42962056303549573,
    "Cameroon": 0.5195954487989887,
    "Burkina Faso": 0.522020725388601,
    "Egypt": 0.3940520446096654,
    "Nigeria": 0.23880597014925373,
    "Cabo Verde": 0.7227101631116688,
    "Congo DR": 0.5326370757180157,
    "Mali": 0.41767068273092367,
    "Tunisia": 0.5071151358344114,
    "Guinea": 0.7506329113924051
  },
  "Nigeria": {
    "Gabon": 0.8258823529411765,
    "Morocco": 0.5628140703517588,
    "Senegal": 0.5703517587939698,
    "Cote d'Ivoire": 0.399234693877551,
    "Algeria": 0.570528967254408,
    "Ghana": 0.6443037974683544,
    "Cameroon": 0.7346938775510204,
    "Burkina Faso": 0.7214554579673776,
    "Egypt": 0.5522012578616352,
    "South Africa": 0.7346437346437347,
    "Cabo Verde": 0.859608745684695,
    "Congo DR": 0.7700729927007299,
    "Mali": 0.6540404040404041,
    "Tunisia": 0.748451053283767,
    "Guinea": 0.9076751946607341
  },
  "Cabo Verde": {
    "Gabon": 0.3843283582089552,
    "Morocco": 0.14434180138568128,
    "Senegal": 0.19008264462809918,
    "Cote d'Ivoire": 0.0952914798206278,
    "Algeria": 0.20734597156398105,
    "Ghana": 0.25378346915017463,
    "Cameroon": 0.31698564593301437,
    "Burkina Faso": 0.3032178217821782,
    "Egypt": 0.18118466898954705,
    "South Africa": 0.28973105134474325,
    "Nigeria": 0.1358447488584475,
    "Congo DR": 0.3124231242312423,
    "Mali": 0.23464373464373464,
    "Tunisia": 0.30552147239263805,
    "Guinea": 0.5643203883495146
  },
  "Congo DR": {
    "Gabon": 0.6248399487836107,
    "Morocco": 0.2894736842105263,
    "Senegal": 0.3444302176696543,
    "Cote d'Ivoire": 0.1782178217821782,
    "Algeria": 0.35081148564294634,
    "Ghana": 0.4326059050064185,
    "Cameroon": 0.49551856594110116,
    "Burkina Faso": 0.48133848133848134,
    "Egypt": 0.3282828282828283,
    "South Africa": 0.4852941176470588,
    "Nigeria": 0.2711864406779661,
    "Cabo Verde": 0.6738035264483627,
    "Mali": 0.38726790450928383,
    "Tunisia": 0.4864516129032258,
    "Guinea": 0.7518248175182481
  },
  "Mali": {
    "Gabon": 0.689171974522293,
    "Morocco": 0.3807588075880759,
    "Senegal": 0.4327784891165173,
    "Cote d'Ivoire": 0.24125,
    "Algeria": 0.40966921119592875,
    "Ghana": 0.4807692307692308,
    "Cameroon": 0.5786082474226805,
    "Burkina Faso": 0.5954907161803713,
    "Egypt": 0.4120603015075377,
    "South Africa": 0.5783289817232375,
    "Nigeria": 0.32225063938618925,
    "Cabo Verde": 0.7202881152460985,
    "Congo DR": 0.6305818673883626,
    "Tunisia": 0.5567010309278351,
    "Guinea": 0.8204182041820418
  },
  "Tunisia": {
    "Gabon": 0.6496259351620948,
    "Morocco": 0.3103448275862069,
    "Senegal": 0.38846153846153847,
    "Cote d'Ivoire": 0.20638820638820637,
    "Algeria": 0.3182389937106918,
    "Ghana": 0.43548387096774194,
    "Cameroon": 0.5244845360824743,