{
  "Honduras": {
    "Canada": 0.42017879948914433,
    "United States": 0.2873134328358209,
    "Trinidad and Tobago": 0.5149625935162094,
    "Curacao": 0.5445682451253482,
    "Costa Rica": 0.5685279187817259,
    "Panama": 0.4245742092457421,
    "Mexico": 0.24937027707808565
  },
  "Canada": {
    "Honduras": 0.5995055624227441,
    "United States": 0.36511919698870765,
    "Trinidad and Tobago": 0.5924574209245742,
    "Curacao": 0.6555269922879178,
    "Costa Rica": 0.5900783289817232,
    "Panama": 0.5192546583850932,
    "Mexico": 0.3137254901960784
  },
  "United States": {
    "Honduras": 0.6916461916461917,
    "Canada": 0.6262755102040817,
    "Trinidad and Tobago": 0.728380024360536,
    "Curacao": 0.7615979381443299,
    "Costa Rica": 0.7193877551020408,
    "Panama": 0.6889428918590522,
    "Mexico": 0.43072702331961593
  },
  "Trinidad and Tobago": {
    "Honduras": 0.4798439531859558,
    "Canada": 0.3793103448275862,
    "United States": 0.23207776427703525,
    "Curacao": 0.5332464146023468,
    "Costa Rica": 0.4730077120822622,
    "Panama": 0.4409148665819568,
    "Mexico": 0.20668316831683167
  },
  "Curacao": {
    "Honduras": 0.4493333333333333,
    "Canada": 0.3363286264441592,
    "United States": 0.25839793281653745,
    "Trinidad and Tobago": 0.4259501965923984,
    "Costa Rica": 0.47761194029850745,
    "Panama": 0.379400260756193,
    "Mexico": 0.1815823605706874
  },
  "Costa Rica": {
    "Honduras": 0.4884020618556701,
    "Canada": 0.39119496855345914,
    "United States": 0.2631578947368421,
    "Trinidad and Tobago": 0.5051546391752577,
    "Curacao": 0.5013227513227513,
    "Panama": 0.43296432964329645,
    "Mexico": 0.21944809461235218
  },
  "Panama": {
    "Honduras": 0.5419753086419753,
    "Canada": 0.44374209860935526,
    "United States": 0.3230958230958231,
    "Trinidad and Tobago": 0.6099110546378653,
    "Curacao": 0.6398416886543535,
    "Costa Rica": 0.6093552465233881,
    "Mexico": 0.2780612244897959
  },
  "Mexico": {
    "Honduras": 0.7483870967741936,
    "Canada": 0.6536912751677852,
    "United States": 0.5582329317269076,
    "Trinidad and Tobago": 0.7855329949238579,
    "Curacao": 0.8062755798090041,
    "Costa Rica": 0.7800252844500632,
    "Panama": 0.6821705426356589
  }
}