{
  "Colombia": {
    "Bolivia": 0.8190104166666666,
    "Ecuador": 0.5746666666666667,
    "Peru": 0.7705128205128206,
    "Uruguay": 0.5794392523364486,
    "Chile": 0.8119440914866582,
    "Guyana": 0.907744874715262,
    "Suriname": 0.9606986899563319,
    "Venezuela": 0.6885245901639344,
    "Paraguay": 0.668848167539267,
    "Argentina": 0.4766977363515313,
    "Brazil": 0.43315508021390375
  },
  "Bolivia": {
    "Colombia": 0.17272727272727273,
    "Ecuador": 0.24393530997304583,
    "Peru": 0.4657718120805369,
    "Uruguay": 0.23046875,
    "Chile": 0.4986559139784946,
    "Guyana": 0.7148703956343793,
    "Suriname": 0.863961813842482,
    "Venezuela": 0.34248366013071896,
    "Paraguay": 0.3622159090909091,
    "Argentina": 0.19083969465648856,
    "Brazil": 0.17557251908396945
  },
  "Ecuador": {
    "Colombia": 0.42876344086021506,
    "Bolivia": 0.7466124661246613,
    "Peru": 0.7034120734908137,
    "Uruguay": 0.523680649526387,
    "Chile": 0.7717250324254216,
    "Guyana": 0.9032648125755743,
    "Suriname": 0.9555796316359697,
    "Venezuela": 0.6675427069645203,
    "Paraguay": 0.5972972972972973,
    "Argentina": 0.4090909090909091,
    "Brazil": 0.3904109589041096
  },
  "Peru": {
    "Colombia": 0.21777221526908636,
    "Bolivia": 0.5566166439290586,
    "Ecuador": 0.3081761006289308,
    "Uruguay": 0.27701863354037265,
    "Chile": 0.554002541296061,
    "Guyana": 0.7784730913642053,
    "Suriname": 0.8870779976717112,
    "Venezuela": 0.4111801242236025,
    "Paraguay": 0.425997425997426,
    "Argentina": 0.24112607099143207,
    "Brazil": 0.22676579925650558
  },
  "Uruguay": {
    "Colombia": 0.40425531914893614,
    "Bolivia": 0.7851458885941645,
    "Ecuador": 0.48771021992238034,
    "Peru": 0.7041719342604298,
    "Chile": 0.7704714640198511,
    "Guyana": 0.879133409350057,
    "Suriname": 0.9518599562363238,
    "Venezuela": 0.6384615384615384,
    "Paraguay": 0.6625310173697271,
    "Argentina": 0.42010309278350516,
    "Brazil": 0.37823834196891193
  },
  "Chile": {
    "Colombia": 0.1922110552763819,
    "Bolivia": 0.507227332457293,
    "Ecuador": 0.22279129321382843,
    "Peru": 0.40808344198174706,
    "Uruguay": 0.22596754057428214,
    "Guyana": 0.720754716981132,
    "Suriname": 0.8458781362007168,
    "Venezuela": 0.3425692695214106,
    "Paraguay": 0.35555555555555557,
    "Argentina": 0.1771995043370508,
    "Brazil": 0.15403422982885084
  },
  "Guyana": {
    "Colombia": 0.08705357142857142,
    "Bolivia": 0.2853333333333333,
    "Ecuador": 0.10671462829736211,
    "Peru": 0.23886138613861385,
    "Uruguay": 0.09707602339181287,
    "Chile": 0.26590330788804073,
    "Suriname": 0.7162673392181589,
    "Venezuela": 0.1976608187134503,
    "Paraguay": 0.17879161528976573,
    "Argentina": 0.07586206896551724,
    "Brazil": 0.09328782707622298
  },
  "Suriname": {
    "Colombia": 0.023965141612200435,
    "Bolivia": 0.14337349397590363,
    "Ecuador": 0.041530054644808745,
    "Peru": 0.11173814898419865,
    "Uruguay": 0.04835164835164835,
    "Chile": 0.15474794841735054,
    "Guyana": 0.2848180677540778,
    "Venezuela": 0.08840413318025259,
    "Paraguay": 0.07972665148063782,
    "Argentina": 0.034261241970021415,
    "Brazil": 0.038461538461538464
  },
  "Venezuela": {
    "Colombia": 0.31498079385403327,
    "Bolivia": 0.6725543478260869,
    "Ecuador": 0.3668789808917197,
    "Peru": 0.5569620253164557,
    "Uruguay": 0.38254172015404364,
    "Chile": 0.6112565445026178,
    "Guyana": 0.8276699029126213,
    "Suriname": 0.9055745164960182,
    "Paraguay": 0.4929214929214929,
    "Argentina": 0.29987129987129985,
    "Brazil": 0.2777777777777778
  },
  "Paraguay": {
    "Colombia": 0.3030690537084399,
    "Bolivia": 0.5994659546061415,
    "Ecuador": 0.3595206391478029,
    "Peru": 0.564134495641345,
    "Uruguay": 0.3769633507853403,
    "Chile": 0.6449468085106383,
    "Guyana": 0.8233173076923077,
    "Suriname": 0.9171396140749148,
    "Venezuela": 0.5196850393700787,
    "Argentina": 0.27461139896373055,
    "Brazil": 0.24484536082474226
  },
  "Argentina": {
    "Colombia": 0.5070242656449553,
    "Bolivia": 0.835427135678392,
    "Ecuador": 0.6061415220293725,
    "Peru": 0.7738814993954051,
    "Uruguay": 0.5965834428383706,
    "Chile": 0.8406326034063261,
    "Guyana": 0.928409090909091,
    "Suriname": 0.9628450106157113,
    "Venezuela": 0.7171717171717171,
    "Paraguay": 0.7243107769423559,
    "Brazil": 0.47319034852546915
  },
  "Brazil": {
    "Colombia": 0.550624133148405,
    "Bolivia": 0.8279430789133247,
    "Ecuador": 0.6167582417582418,
    "Peru": 0.7842669845053635,
    "Uruguay": 0.6175710594315246,
    "Chile": 0.8202933985330073,
    "Guyana": 0.9313063063063063,
    "Suriname": 0.9711538461538461,
    "Venezuela": 0.7203065134099617,
    "Paraguay": 0.7155612244897959,
    "Argentina": 0.5417789757412399
  }
}