{
  "Jamaica": {
    "United States": 0.09040178571428571,
    "Costa Rica": 0.2523809523809524,
    "Mexico": 0.1668639053254438,
    "Panama": 0.30604982206405695,
    "Canada": 0.21370499419279906
  },
  "United States": {
    "Jamaica": 0.9009111617312073,
    "Costa Rica": 0.7142857142857143,
    "Mexico": 0.6492146596858639,
    "Panama": 0.797752808988764,
    "Canada": 0.6592317224287485
  },
  "Costa Rica": {
    "Jamaica": 0.7804583835946924,
    "United States": 0.24234354194407456,
    "Mexico": 0.36470588235294116,
    "Panama": 0.5900383141762452,
    "Canada": 0.45268542199488493
  },
  "Mexico": {
    "Jamaica": 0.8175355450236966,
    "United States": 0.3455019556714472,
    "Costa Rica": 0.6276315789473684,
    "Panama": 0.6885245901639344,
    "Canada": 0.5541069100391134
  },
  "Panama": {
    "Jamaica": 0.6932223543400713,
    "United States": 0.22448979591836735,
    "Costa Rica": 0.4551282051282051,
    "Mexico": 0.3450439146800502,
    "Canada": 0.42125
  },
  "Canada": {
    "Jamaica": 0.7936694021101993,
    "United States": 0.29,
    "Costa Rica": 0.5250320924261874,
    "Mexico": 0.46021220159151194,
    "Panama": 0.6283524904214559
  }
}