{
  "South Korea": {
    "Japan": 0.7425227568270482,
    "Qatar": 0.7811735941320294,
    "Iraq": 0.8967452300785634,
    "Georgia": 0.7933579335793358,
    "Saudi Arabia": 0.9071347678369196,
    "Jordan": 0.8938869665513264,
    "Iran": 0.698159509202454,
    "Uzbekistan": 0.9209039548022598,
    "Israel": 0.9140534262485482
  },
  "Japan": {
    "South Korea": 0.24301336573511542,
    "Qatar": 0.5842105263157895,
    "Iraq": 0.7340025094102886,
    "Georgia": 0.5088832487309645,
    "Saudi Arabia": 0.73992673992674,
    "Jordan": 0.7487864077669902,
    "Iran": 0.4731182795698925,
    "Uzbekistan": 0.7884615384615384,
    "Israel": 0.7220172201722017
  },
  "Qatar": {
    "South Korea": 0.20933014354066987,
    "Japan": 0.4383033419023136,
    "Iraq": 0.7033792240300375,
    "Georgia": 0.4794871794871795,
    "Saudi Arabia": 0.7031055900621118,
    "Jordan": 0.6869565217391305,
    "Iran": 0.40476190476190477,
    "Uzbekistan": 0.7104622871046229,
    "Israel": 0.7185185185185186
  },
  "Iraq": {
    "South Korea": 0.09236031927023945,
    "Japan": 0.24472049689440994,
    "Qatar": 0.29662077596996245,
    "Georgia": 0.28266331658291455,
    "Saudi Arabia": 0.4942675159235669,
    "Jordan": 0.55,
    "Iran": 0.22916666666666666,
    "Uzbekistan": 0.5317073170731708,
    "Israel": 0.4980443285528031
  },
  "Georgia": {
    "South Korea": 0.21480582524271843,
    "Japan": 0.4641509433962264,
    "Qatar": 0.5581683168316832,
    "Iraq": 0.7439320388349514,
    "Saudi Arabia": 0.7271604938271605,
    "Jordan": 0.749379652605459,
    "Iran": 0.39248704663212436,
    "Uzbekistan": 0.780952380952381,
    "Israel": 0.7680097680097681
  },
  "Saudi Arabia": {
    "South Korea": 0.09695603156708005,
    "Japan": 0.24812030075187969,
    "Qatar": 0.37797246558197745,
    "Iraq": 0.5026041666666666,
    "Georgia": 0.26838235294117646,
    "Jordan": 0.5202020202020202,
    "Iran": 0.23849878934624696,
    "Uzbekistan": 0.5790123456790124,
    "Israel": 0.5358490566037736
  },
  "Jordan": {
    "South Korea": 0.09183673469387756,
    "Japan": 0.23220973782771537,
    "Qatar": 0.2521419828641371,
    "Iraq": 0.5019011406844106,
    "Georgia": 0.2647783251231527,
    "Saudi Arabia": 0.47506234413965087,
    "Iran": 0.20476190476190476,
    "Uzbekistan": 0.5384615384615384,
    "Israel": 0.4690721649484536
  },
  "Iran": {
    "South Korea": 0.2811704834605598,
    "Japan": 0.5617685305591678,
    "Qatar": 0.592071611253197,
    "Iraq": 0.7521902377972466,
    "Georgia": 0.5628205128205128,
    "Saudi Arabia": 0.7574316290130797,
    "Jordan": 0.7762669962917181,
    "Uzbekistan": 0.7976470588235294,
    "Israel": 0.8138957816377171
  },
  "Uzbekistan": {
    "South Korea": 0.07007786429365963,
    "Japan": 0.20341047503045068,
    "Qatar": 0.28762135922330095,
    "Iraq": 0.4675,
    "Georgia": 0.2294887039239001,
    "Saudi Arabia": 0.4345679012345679,
    "Jordan": 0.49240506329113926,
    "Iran": 0.18095238095238095,
    "Israel": 0.46774193548387094
  },
  "Israel": {
    "South Korea": 0.08584686774941995,
    "Japan": 0.2690863579474343,
    "Qatar": 0.2784653465346535,
    "Iraq": 0.4693333333333333,
    "Georgia": 0.23227383863080683,
    "Saudi Arabia": 0.4489795918367347,
    "Jordan": 0.4987179487179487,
    "Iran": 0.22954822954822954,
    "Uzbekistan": 0.49047013977128334
  }
}